Datum;Schätzer_Neuerkrankungen;UG_PI_Neuerkrankungen;OG_PI_Neuerkrankungen;Schätzer_Neuerkrankungen_ma4;UG_PI_Neuerkrankungen_ma4;OG_PI_Neuerkrankungen_ma4;Schätzer_Reproduktionszahl_R;UG_PI_Reproduktionszahl_R;OG_PI_Reproduktionszahl_R;Schätzer_7_Tage_R_Wert;UG_PI_7_Tage_R_Wert;OG_PI_7_Tage_R_Wert
02.03.2020;304;292;319;225;213;238;.;.;.;.;.;.
03.03.2020;321;304;337;261;248;276;.;.;.;.;.;.
04.03.2020;448;430;467;326;311;342;.;.;.;.;.;.
05.03.2020;503;485;525;394;378;412;.;.;.;.;.;.
06.03.2020;757;732;783;507;488;528;2,25;2,18;2,33;2,34;2,28;2,39
07.03.2020;984;958;1.010;673;651;696;2,58;2,49;2,68;2,56;2,51;2,61
08.03.2020;1.336;1.308;1.370;895;870;922;2,75;2,68;2,83;2,93;2,88;2,98
09.03.2020;2.021;1.985;2.052;1.274;1.245;1.304;3,23;3,16;3,30;3,13;3,08;3,18
10.03.2020;2.573;2.529;2.623;1.728;1.695;1.764;3,41;3,33;3,49;3,22;3,18;3,26
11.03.2020;3.237;3.190;3.283;2.292;2.253;2.332;3,41;3,33;3,49;3,12;3,08;3,16
12.03.2020;3.601;3.537;3.648;2.858;2.810;2.901;3,19;3,14;3,25;2,84;2,82;2,87
13.03.2020;4.356;4.301;4.408;3.442;3.389;3.490;2,70;2,66;2,74;2,50;2,48;2,52
14.03.2020;4.433;4.373;4.492;3.907;3.850;3.958;2,26;2,23;2,29;2,18;2,17;2,20
15.03.2020;4.678;4.618;4.734;4.267;4.207;4.320;1,86;1,84;1,88;1,99;1,98;2,00
16.03.2020;6.016;5.952;6.075;4.871;4.811;4.927;1,70;1,68;1,72;1,74;1,73;1,75
17.03.2020;5.235;5.166;5.296;5.090;5.027;5.149;1,48;1,46;1,49;1,56;1,55;1,57
18.03.2020;5.288;5.231;5.346;5.304;5.242;5.363;1,36;1,34;1,37;1,39;1,39;1,40
19.03.2020;4.725;4.668;4.780;5.316;5.254;5.374;1,25;1,24;1,26;1,24;1,23;1,24
20.03.2020;5.329;5.262;5.380;5.144;5.082;5.200;1,06;1,05;1,07;1,13;1,13;1,14
21.03.2020;4.442;4.383;4.501;4.946;4.886;5.001;0,97;0,96;0,98;1,04;1,03;1,04
22.03.2020;3.818;3.759;3.866;4.578;4.518;4.631;0,86;0,86;0,87;0,98;0,97;0,98
23.03.2020;5.157;5.095;5.222;4.686;4.625;4.742;0,88;0,87;0,89;0,92;0,92;0,92
24.03.2020;4.076;4.024;4.138;4.373;4.315;4.432;0,85;0,84;0,86;0,90;0,89;0,90
25.03.2020;4.418;4.357;4.471;4.367;4.309;4.424;0,88;0,87;0,89;0,90;0,89;0,90
26.03.2020;3.998;3.933;4.063;4.412;4.352;4.473;0,96;0,96;0,97;0,88;0,88;0,89
27.03.2020;4.122;4.056;4.184;4.153;4.092;4.214;0,89;0,88;0,89;0,90;0,89;0,90
28.03.2020;3.888;3.837;3.953;4.106;4.046;4.168;0,94;0,93;0,95;0,90;0,90;0,91
29.03.2020;3.261;3.206;3.322;3.817;3.758;3.880;0,87;0,86;0,88;0,90;0,90;0,91
30.03.2020;4.394;4.331;4.462;3.916;3.857;3.980;0,89;0,88;0,90;0,92;0,92;0,93
31.03.2020;3.574;3.519;3.647;3.779;3.723;3.846;0,91;0,90;0,92;0,93;0,92;0,93
01.04.2020;4.040;3.981;4.105;3.817;3.759;3.884;0,93;0,92;0,94;0,93;0,93;0,94
02.04.2020;3.724;3.671;3.790;3.933;3.875;4.001;1,03;1,02;1,04;0,95;0,94;0,95
03.04.2020;3.730;3.659;3.792;3.767;3.707;3.833;0,96;0,95;0,97;0,93;0,92;0,94
04.04.2020;3.006;2.953;3.061;3.625;3.566;3.687;0,96;0,95;0,97;0,92;0,92;0,93
05.04.2020;2.700;2.645;2.745;3.290;3.232;3.347;0,86;0,85;0,87;0,89;0,89;0,90
06.04.2020;3.342;3.285;3.389;3.195;3.135;3.247;0,81;0,80;0,82;0,89;0,88;0,89
07.04.2020;3.054;3.003;3.117;3.025;2.971;3.078;0,80;0,79;0,81;0,87;0,87;0,88
08.04.2020;2.872;2.815;2.935;2.992;2.937;3.046;0,83;0,82;0,84;0,85;0,84;0,86
09.04.2020;2.700;2.658;2.757;2.992;2.940;3.049;0,91;0,90;0,92;0,83;0,82;0,84
10.04.2020;2.326;2.276;2.376;2.738;2.688;2.796;0,86;0,85;0,87;0,81;0,80;0,81
11.04.2020;2.016;1.966;2.064;2.478;2.429;2.533;0,82;0,81;0,83;0,81;0,81;0,82
12.04.2020;1.952;1.905;2.000;2.248;2.201;2.299;0,75;0,74;0,76;0,79;0,78;0,79
13.04.2020;1.887;1.840;1.933;2.045;1.997;2.093;0,68;0,67;0,69;0,79;0,78;0,79
14.04.2020;1.952;1.902;2.002;1.952;1.903;2.000;0,71;0,70;0,72;0,78;0,77;0,78
15.04.2020;1.940;1.886;1.986;1.933;1.883;1.980;0,78;0,77;0,79;0,76;0,75;0,76
16.04.2020;1.751;1.699;1.793;1.882;1.832;1.928;0,84;0,82;0,85;0,78;0,78;0,79
17.04.2020;1.642;1.596;1.687;1.821;1.771;1.867;0,89;0,88;0,91;0,80;0,79;0,81
18.04.2020;1.433;1.392;1.480;1.692;1.643;1.736;0,87;0,85;0,88;0,81;0,80;0,82
19.04.2020;1.310;1.258;1.352;1.534;1.486;1.578;0,79;0,78;0,81;0,84;0,83;0,85
20.04.2020;1.578;1.540;1.619;1.491;1.446;1.534;0,79;0,78;0,81;0,84;0,83;0,85
21.04.2020;1.350;1.303;1.393;1.418;1.373;1.461;0,78;0,76;0,79;0,82;0,82;0,83
22.04.2020;1.293;1.253;1.342;1.383;1.339;1.426;0,82;0,80;0,83;0,83;0,82;0,84
23.04.2020;1.268;1.232;1.302;1.372;1.332;1.414;0,89;0,88;0,91;0,81;0,80;0,82
24.04.2020;1.146;1.107;1.190;1.264;1.224;1.306;0,85;0,83;0,86;0,81;0,80;0,82
25.04.2020;1.007;968;1.044;1.178;1.140;1.219;0,83;0,81;0,85;0,83;0,81;0,84
26.04.2020;904;867;942;1.081;1.043;1.119;0,78;0,76;0,80;0,82;0,81;0,83
27.04.2020;1.100;1.063;1.144;1.039;1.001;1.080;0,76;0,74;0,77;0,82;0,81;0,83
28.04.2020;942;906;977;988;951;1.027;0,78;0,76;0,80;0,81;0,80;0,82
29.04.2020;866;827;904;953;916;992;0,81;0,79;0,83;0,81;0,80;0,82
30.04.2020;936;907;969;961;926;998;0,89;0,87;0,91;0,81;0,80;0,83
01.05.2020;816;781;854;890;855;926;0,86;0,83;0,88;0,82;0,81;0,84
02.05.2020;741;711;773;840;806;875;0,85;0,83;0,87;0,85;0,84;0,87
03.05.2020;755;718;784;812;779;845;0,85;0,83;0,88;0,86;0,85;0,88
04.05.2020;890;858;921;801;767;833;0,83;0,81;0,85;0,89;0,87;0,90
05.05.2020;815;785;853;800;768;832;0,90;0,88;0,93;0,90;0,89;0,92
06.05.2020;744;713;782;801;768;835;0,95;0,93;0,99;0,89;0,87;0,90
07.05.2020;705;674;738;788;757;823;0,97;0,94;1,00;0,90;0,88;0,91
08.05.2020;679;646;709;736;704;770;0,92;0,89;0,95;0,89;0,88;0,90
09.05.2020;580;547;614;677;645;711;0,85;0,82;0,87;0,87;0,86;0,88
10.05.2020;556;522;585;630;597;661;0,79;0,76;0,81;0,87;0,85;0,88
11.05.2020;666;638;703;620;588;652;0,79;0,76;0,81;0,85;0,84;0,86
12.05.2020;621;593;649;606;575;637;0,82;0,80;0,84;0,85;0,84;0,86
13.05.2020;589;555;621;608;577;639;0,90;0,87;0,93;0,85;0,83;0,86
14.05.2020;528;495;558;601;570;632;0,95;0,92;0,98;0,89;0,87;0,91
15.05.2020;678;646;705;604;572;633;0,97;0,94;1,01;0,92;0,91;0,94
16.05.2020;560;537;592;589;558;619;0,97;0,94;1,01;0,93;0,91;0,95
17.05.2020;442;417;473;552;523;582;0,91;0,87;0,94;0,96;0,94;0,97
18.05.2020;615;584;639;574;546;602;0,96;0,92;0,99;0,92;0,90;0,94
19.05.2020;466;439;491;521;494;548;0,86;0,83;0,89;0,92;0,90;0,93
20.05.2020;562;530;598;521;492;550;0,89;0,86;0,92;0,91;0,89;0,93
21.05.2020;389;358;415;508;477;536;0,92;0,89;0,95;0,85;0,83;0,86
22.05.2020;387;361;413;451;422;479;0,79;0,75;0,83;0,83;0,82;0,85
23.05.2020;366;341;388;426;397;453;0,82;0,78;0,85;0,82;0,80;0,84
24.05.2020;371;345;395;378;351;403;0,73;0,70;0,76;0,81;0,79;0,83
25.05.2020;468;444;497;398;373;423;0,78;0,76;0,81;0,87;0,85;0,89
26.05.2020;435;413;463;410;386;436;0,91;0,87;0,95;0,89;0,87;0,91
27.05.2020;454;430;480;432;408;459;1,01;0,97;1,05;0,91;0,89;0,93
28.05.2020;378;345;401;434;408;460;1,15;1,11;1,19;0,94;0,92;0,96
29.05.2020;347;330;366;403;379;427;1,01;0,97;1,05;0,92;0,90;0,94
30.05.2020;291;266;312;367;342;390;0,90;0,86;0,94;0,92;0,90;0,94
31.05.2020;269;249;291;321;297;342;0,74;0,71;0,78;0,87;0,85;0,89
01.06.2020;327;308;353;308;288;331;0,71;0,68;0,74;0,89;0,86;0,91
02.06.2020;439;413;468;331;309;356;0,82;0,79;0,86;0,89;0,87;0,91
03.06.2020;400;371;429;359;335;385;0,98;0,94;1,02;0,91;0,89;0,94
04.06.2020;342;323;368;377;354;404;1,17;1,12;1,23;0,95;0,93;0,98
05.06.2020;319;297;344;375;351;402;1,22;1,15;1,27;0,96;0,93;0,98
06.06.2020;300;282;324;340;318;366;1,03;0,98;1,08;0,96;0,94;0,99
07.06.2020;231;208;259;298;277;324;0,83;0,78;0,87;1,01;0,98;1,03
08.06.2020;409;383;433;315;292;340;0,84;0,80;0,88;1,03;1,00;1,05
09.06.2020;450;424;479;348;324;373;0,93;0,88;0,97;1,04;1,01;1,06
10.06.2020;433;404;459;381;355;407;1,12;1,07;1,16;1,06;1,03;1,09
11.06.2020;367;345;388;415;389;440;1,39;1,33;1,47;1,05;1,02;1,07
12.06.2020;375;348;398;406;380;431;1,29;1,22;1,35;1,07;1,05;1,10
13.06.2020;366;336;388;385;358;408;1,11;1,05;1,15;1,11;1,09;1,14
14.06.2020;355;328;381;366;339;389;0,96;0,92;1,01;1,19;1,16;1,22
15.06.2020;645;611;685;435;406;463;1,05;1,00;1,10;1,43;1,39;1,46
16.06.2020;1.115;1.079;1.151;620;588;651;1,53;1,47;1,59;1,48;1,44;1,51
17.06.2020;660;630;697;694;662;728;1,80;1,73;1,87;1,47;1,44;1,50
18.06.2020;536;503;565;739;705;774;2,02;1,95;2,10;1,42;1,39;1,45
19.06.2020;572;529;606;721;685;755;1,66;1,60;1,73;1,19;1,17;1,22
20.06.2020;475;441;511;561;526;595;0,90;0,87;0,94;1,13;1,10;1,15
21.06.2020;367;340;395;487;453;519;0,70;0,67;0,73;1,04;1,01;1,06
22.06.2020;471;441;502;471;438;504;0,64;0,61;0,67;0,83;0,81;0,84
23.06.2020;431;404;459;436;406;467;0,60;0,58;0,63;0,76;0,75;0,78
24.06.2020;469;440;494;434;406;463;0,77;0,74;0,81;0,73;0,71;0,74
25.06.2020;409;384;437;445;417;473;0,91;0,87;0,95;0,73;0,71;0,74
26.06.2020;431;403;455;435;407;461;0,92;0,88;0,97;0,83;0,82;0,86
27.06.2020;352;326;375;415;388;440;0,95;0,90;1,00;0,87;0,85;0,89
28.06.2020;312;286;337;376;349;401;0,87;0,82;0,91;0,89;0,87;0,91
29.06.2020;426;401;451;380;354;404;0,86;0,82;0,89;0,93;0,91;0,95
30.06.2020;436;410;458;382;355;405;0,88;0,84;0,91;0,95;0,92;0,97
01.07.2020;405;378;429;395;368;418;0,95;0,91;1,00;0,94;0,92;0,96
02.07.2020;342;317;369;402;376;427;1,07;1,03;1,11;0,93;0,90;0,95
03.07.2020;345;323;367;382;357;406;1,00;0,95;1,05;0,90;0,88;0,93
04.07.2020;298;272;322;348;322;372;0,91;0,87;0,96;0,92;0,90;0,94
05.07.2020;291;268;316;319;295;343;0,81;0,77;0,85;0,92;0,90;0,95
06.07.2020;371;350;393;327;303;349;0,81;0,78;0,85;0,93;0,91;0,96
07.07.2020;377;353;398;334;310;357;0,88;0,84;0,92;0,93;0,91;0,95
08.07.2020;357;330;384;349;325;372;1,00;0,96;1,05;0,95;0,93;0,97
09.07.2020;377;358;398;371;348;393;1,16;1,11;1,22;1,01;0,98;1,03
10.07.2020;430;406;459;385;362;409;1,18;1,13;1,24;1,07;1,03;1,10
11.07.2020;385;363;407;387;364;412;1,16;1,11;1,22;1,12;1,09;1,14
12.07.2020;359;334;384;388;365;412;1,11;1,06;1,15;1,17;1,14;1,20
13.07.2020;543;517;573;429;405;455;1,16;1,11;1,21;1,19;1,16;1,21
14.07.2020;519;491;550;451;426;478;1,17;1,12;1,23;1,23;1,20;1,25
15.07.2020;558;530;592;495;468;525;1,28;1,21;1,33;1,23;1,20;1,26
16.07.2020;469;438;498;522;494;553;1,35;1,30;1,40;1,19;1,16;1,22
17.07.2020;533;508;564;520;491;551;1,21;1,16;1,28;1,17;1,14;1,19
18.07.2020;486;460;510;512;484;541;1,13;1,08;1,19;1,14;1,12;1,17
19.07.2020;517;495;543;501;475;529;1,01;0,98;1,05;1,16;1,13;1,18
20.07.2020;691;657;720;557;530;584;1,07;1,02;1,10;1,17;1,15;1,20
21.07.2020;699;670;732;598;570;626;1,15;1,11;1,19;1,19;1,17;1,22
22.07.2020;736;708;768;661;632;691;1,29;1,25;1,33;1,20;1,17;1,22
23.07.2020;676;643;712;701;669;733;1,40;1,36;1,45;1,19;1,17;1,21
24.07.2020;691;658;721;700;669;733;1,26;1,22;1,30;1,17;1,15;1,19
25.07.2020;617;589;651;680;649;713;1,14;1,09;1,17;1,14;1,12;1,16
26.07.2020;607;577;638;648;616;680;0,98;0,94;1,01;1,12;1,10;1,14
27.07.2020;824;787;860;685;652;717;0,98;0,94;1,01;1,09;1,07;1,11
28.07.2020;765;732;804;703;671;738;1,00;0,97;1,04;1,06;1,05;1,08
29.07.2020;740;712;772;734;702;768;1,08;1,05;1,12;1,06;1,04;1,08
30.07.2020;763;730;798;773;740;808;1,19;1,15;1,24;1,05;1,03;1,07
31.07.2020;775;737;809;761;728;796;1,11;1,07;1,15;1,08;1,06;1,10
01.08.2020;823;785;865;775;741;811;1,10;1,07;1,14;1,13;1,11;1,15
02.08.2020;889;848;927;813;775;849;1,11;1,07;1,14;1,17;1,15;1,18
03.08.2020;1.079;1.040;1.124;892;852;931;1,15;1,12;1,19;1,19;1,17;1,21
04.08.2020;993;955;1.032;946;907;987;1,24;1,20;1,28;1,19;1,17;1,21
05.08.2020;988;948;1.031;987;948;1.028;1,27;1,24;1,31;1,17;1,16;1,20
06.08.2020;1.004;961;1.048;1.016;976;1.059;1,25;1,21;1,29;1,17;1,15;1,19
07.08.2020;1.052;1.006;1.103;1.009;967;1.053;1,13;1,10;1,17;1,16;1,14;1,18
08.08.2020;1.002;952;1.051;1.011;967;1.058;1,07;1,04;1,11;1,13;1,12;1,15
09.08.2020;1.041;994;1.089;1.025;978;1.073;1,04;1,01;1,07;1,14;1,12;1,16
10.08.2020;1.401;1.350;1.462;1.124;1.075;1.176;1,11;1,07;1,14;1,14;1,12;1,16
11.08.2020;1.310;1.261;1.362;1.188;1.139;1.241;1,18;1,13;1,21;1,16;1,14;1,18
12.08.2020;1.319;1.272;1.370;1.268;1.219;1.321;1,25;1,21;1,29;1,18;1,17;1,20
13.08.2020;1.355;1.291;1.409;1.346;1.293;1.401;1,31;1,27;1,35;1,17;1,15;1,19
14.08.2020;1.320;1.264;1.373;1.326;1.272;1.378;1,18;1,13;1,21;1,15;1,13;1,16
15.08.2020;1.201;1.163;1.262;1.299;1.247;1.353;1,09;1,07;1,13;1,12;1,10;1,13
16.08.2020;1.167;1.125;1.226;1.261;1.210;1.317;0,99;0,97;1,03;1,07;1,06;1,09
17.08.2020;1.415;1.366;1.466;1.276;1.229;1.332;0,95;0,93;0,98;1,06;1,04;1,07
18.08.2020;1.459;1.404;1.515;1.310;1.264;1.367;0,99;0,96;1,02;1,03;1,01;1,04
19.08.2020;1.294;1.248;1.342;1.333;1.286;1.387;1,03;1,00;1,05;0,99;0,98;1,01
20.08.2020;1.139;1.092;1.184;1.327;1.277;1.377;1,05;1,03;1,08;0,97;0,96;0,99
21.08.2020;1.156;1.111;1.205;1.262;1.213;1.311;0,99;0,97;1,01;0,95;0,93;0,96
22.08.2020;1.112;1.071;1.160;1.175;1.130;1.223;0,90;0,87;0,92;0,95;0,93;0,96
23.08.2020;1.159;1.121;1.203;1.142;1.099;1.188;0,86;0,83;0,88;0,97;0,96;0,99
24.08.2020;1.428;1.387;1.474;1.214;1.172;1.260;0,92;0,89;0,94;0,98;0,96;0,99
25.08.2020;1.331;1.286;1.383;1.257;1.216;1.305;1,00;0,97;1,02;0,98;0,96;0,99
26.08.2020;1.200;1.159;1.248;1.279;1.238;1.327;1,09;1,07;1,12;0,98;0,97;1,00
27.08.2020;1.216;1.164;1.275;1.294;1.249;1.345;1,13;1,10;1,17;0,98;0,97;0,99
28.08.2020;1.135;1.089;1.174;1.220;1.174;1.270;1,01;0,98;1,03;0,98;0,96;0,99
29.08.2020;959;918;1.002;1.127;1.082;1.175;0,90;0,87;0,92;0,97;0,95;0,99
30.08.2020;1.023;976;1.071;1.083;1.037;1.130;0,85;0,82;0,87;0,96;0,94;0,97
31.08.2020;1.363;1.314;1.426;1.120;1.074;1.168;0,87;0,85;0,89;0,98;0,96;0,99
01.09.2020;1.484;1.441;1.532;1.207;1.162;1.257;0,99;0,96;1,01;1,01;0,99;1,02
02.09.2020;1.330;1.282;1.385;1.300;1.253;1.353;1,15;1,12;1,19;1,03;1,02;1,04
03.09.2020;1.256;1.204;1.306;1.358;1.310;1.412;1,25;1,23;1,30;1,06;1,04;1,07
04.09.2020;1.275;1.224;1.326;1.336;1.288;1.387;1,19;1,16;1,22;1,06;1,05;1,08
05.09.2020;1.155;1.117;1.192;1.254;1.207;1.302;1,04;1,01;1,06;1,08;1,06;1,09
06.09.2020;1.302;1.261;1.356;1.247;1.201;1.295;0,96;0,94;0,98;1,10;1,08;1,11
07.09.2020;1.591;1.542;1.644;1.331;1.286;1.379;0,98;0,96;1,00;1,09;1,08;1,11
08.09.2020;1.583;1.541;1.626;1.408;1.365;1.454;1,05;1,03;1,08;1,10;1,08;1,11
09.09.2020;1.599;1.552;1.655;1.519;1.474;1.570;1,21;1,18;1,24;1,11;1,09;1,12
10.09.2020;1.627;1.577;1.683;1.600;1.553;1.652;1,28;1,25;1,32;1,12;1,10;1,13
11.09.2020;1.642;1.594;1.701;1.613;1.566;1.666;1,21;1,19;1,24;1,15;1,13;1,16
12.09.2020;1.536;1.497;1.604;1.601;1.555;1.660;1,14;1,11;1,16;1,14;1,13;1,16
13.09.2020;1.576;1.532;1.629;1.595;1.550;1.654;1,05;1,03;1,07;1,15;1,14;1,17
14.09.2020;2.124;2.070;2.176;1.720;1.673;1.777;1,07;1,05;1,10;1,15;1,14;1,16
15.09.2020;1.966;1.910;2.017;1.801;1.752;1.856;1,12;1,09;1,14;1,14;1,12;1,15
16.09.2020;1.887;1.844;1.942;1.888;1.839;1.941;1,18;1,16;1,20;1,12;1,10;1,13
17.09.2020;1.721;1.679;1.773;1.924;1.876;1.977;1,21;1,18;1,23;1,07;1,06;1,08
18.09.2020;1.706;1.659;1.760;1.820;1.773;1.873;1,06;1,04;1,08;1,03;1,02;1,05
19.09.2020;1.499;1.451;1.545;1.703;1.658;1.755;0,95;0,93;0,97;1,01;1,01;1,02
20.09.2020;1.630;1.578;1.672;1.639;1.591;1.687;0,87;0,85;0,88;1,01;1,00;1,02
21.09.2020;2.191;2.129;2.235;1.756;1.704;1.803;0,91;0,89;0,93;1,02;1,01;1,03
22.09.2020;2.155;2.103;2.208;1.869;1.815;1.915;1,03;1,00;1,05;1,04;1,03;1,05
23.09.2020;2.080;2.016;2.136;2.014;1.956;2.063;1,18;1,16;1,21;1,06;1,05;1,07
24.09.2020;2.070;2.009;2.126;2.124;2.064;2.176;1,30;1,27;1,32;1,09;1,08;1,10
25.09.2020;2.159;2.108;2.221;2.116;2.059;2.173;1,20;1,18;1,23;1,11;1,10;1,12
26.09.2020;1.927;1.875;1.991;2.059;2.002;2.118;1,10;1,08;1,12;1,12;1,11;1,13
27.09.2020;1.904;1.853;1.955;2.015;1.961;2.073;1,00;0,98;1,02;1,12;1,11;1,13
28.09.2020;2.664;2.592;2.742;2.164;2.107;2.227;1,02;1,00;1,04;1,13;1,12;1,14
29.09.2020;2.767;2.706;2.841;2.315;2.256;2.382;1,09;1,07;1,11;1,15;1,13;1,16
30.09.2020;2.784;2.709;2.841;2.530;2.465;2.594;1,23;1,21;1,25;1,19;1,17;1,20
01.10.2020;3.008;2.930;3.086;2.806;2.734;2.877;1,39;1,37;1,41;1,23;1,22;1,24
02.10.2020;3.373;3.298;3.438;2.983;2.911;3.051;1,38;1,36;1,40;1,28;1,26;1,29
03.10.2020;3.357;3.290;3.440;3.131;3.057;3.201;1,35;1,33;1,37;1,31;1,30;1,33
04.10.2020;3.420;3.353;3.472;3.290;3.218;3.359;1,30;1,28;1,32;1,36;1,35;1,37
05.10.2020;4.758;4.676;4.846;3.727;3.654;3.799;1,33;1,31;1,35;1,38;1,37;1,39
06.10.2020;4.794;4.703;4.885;4.082;4.005;4.161;1,37;1,35;1,39;1,39;1,38;1,40
07.10.2020;4.912;4.824;5.002;4.471;4.389;4.551;1,43;1,41;1,45;1,38;1,37;1,40
08.10.2020;4.979;4.887;5.078;4.861;4.772;4.953;1,48;1,46;1,50;1,35;1,34;1,36
09.10.2020;5.379;5.307;5.465;5.016;4.930;5.107;1,35;1,33;1,36;1,32;1,31;1,32
10.10.2020;5.310;5.211;5.386;5.145;5.057;5.232;1,26;1,24;1,28;1,29;1,28;1,30
11.10.2020;5.499;5.382;5.573;5.292;5.197;5.375;1,18;1,17;1,20;1,30;1,29;1,30
12.10.2020;7.498;7.392;7.602;5.922;5.823;6.006;1,22;1,20;1,23;1,31;1,30;1,32
13.10.2020;7.855;7.749;7.961;6.541;6.433;6.630;1,30;1,29;1,32;1,34;1,33;1,35
14.10.2020;8.437;8.290;8.576;7.322;7.203;7.428;1,42;1,41;1,44;1,37;1,35;1,37
15.10.2020;8.692;8.588;8.817;8.121;8.005;8.239;1,53;1,52;1,55;1,38;1,37;1,39
16.10.2020;9.559;9.404;9.674;8.636;8.508;8.757;1,46;1,44;1,47;1,37;1,36;1,38
17.10.2020;9.358;9.220;9.488;9.011;8.876;9.139;1,38;1,36;1,39;1,38;1,37;1,38
18.10.2020;10.457;10.334;10.622;9.516;9.386;9.650;1,30;1,29;1,31;1,40;1,39;1,41
19.10.2020;13.826;13.664;13.978;10.800;10.655;10.941;1,33;1,32;1,34;1,42;1,41;1,43
20.10.2020;14.820;14.634;14.949;12.115;11.963;12.259;1,40;1,39;1,42;1,44;1,44;1,45
21.10.2020;15.394;15.227;15.570;13.624;13.464;13.780;1,51;1,50;1,52;1,43;1,42;1,44
22.10.2020;15.032;14.858;15.188;14.768;14.596;14.921;1,55;1,54;1,56;1,39;1,38;1,40
23.10.2020;15.853;15.649;16.039;15.275;15.092;15.436;1,41;1,40;1,43;1,34;1,33;1,34
24.10.2020;15.088;14.916;15.236;15.342;15.162;15.508;1,27;1,26;1,28;1,29;1,28;1,29
25.10.2020;15.654;15.479;15.845;15.407;15.225;15.577;1,13;1,12;1,14;1,26;1,25;1,26
26.10.2020;19.202;19.047;19.379;16.449;16.273;16.625;1,11;1,11;1,12;1,21;1,20;1,21
27.10.2020;18.417;18.256;18.617;17.090;16.924;17.269;1,12;1,11;1,13;1,17;1,16;1,17
28.10.2020;18.090;17.890;18.276;17.841;17.668;18.029;1,16;1,15;1,17;1,13;1,12;1,13
29.10.2020;16.811;16.594;16.992;18.130;17.947;18.316;1,18;1,17;1,18;1,09;1,08;1,09
30.10.2020;17.247;17.093;17.385;17.641;17.458;17.817;1,07;1,06;1,08;1,06;1,05;1,06
31.10.2020;15.614;15.413;15.776;16.940;16.747;17.107;0,99;0,98;1,00;1,04;1,04;1,04
01.11.2020;16.655;16.494;16.830;16.582;16.398;16.745;0,93;0,92;0,94;1,04;1,03;1,04
02.11.2020;20.970;20.786;21.166;17.621;17.446;17.789;0,97;0,97;0,98;1,03;1,03;1,04
03.11.2020;19.021;18.843;19.202;18.065;17.884;18.243;1,02;1,02;1,03;1,03;1,02;1,03
04.11.2020;18.020;17.858;18.172;18.667;18.495;18.842;1,10;1,09;1,11;1,02;1,01;1,02
05.11.2020;16.540;16.366;16.720;18.638;18.463;18.815;1,12;1,12;1,13;0,99;0,99;1,00
06.11.2020;16.122;15.969;16.314;17.426;17.259;17.602;0,99;0,98;1,00;0,98;0,98;0,99
07.11.2020;15.047;14.903;15.212;16.433;16.274;16.604;0,91;0,90;0,92;0,97;0,97;0,98
08.11.2020;15.142;14.940;15.315;15.713;15.544;15.890;0,84;0,84;0,85;0,96;0,95;0,96
09.11.2020;19.033;18.852;19.274;16.336;16.166;16.529;0,88;0,87;0,88;0,96;0,96;0,97
10.11.2020;18.429;18.231;18.605;16.913;16.731;17.101;0,97;0,96;0,98;0,97;0,96;0,97
11.11.2020;17.921;17.724;18.103;17.631;17.437;17.824;1,07;1,06;1,08;0,99;0,98;0,99
12.11.2020;17.646;17.471;17.849;18.257;18.069;18.457;1,16;1,15;1,17;1,02;1,02;1,03
13.11.2020;18.348;18.182;18.550;18.086;17.902;18.277;1,11;1,10;1,12;1,04;1,03;1,04
14.11.2020;16.313;16.152;16.497;17.557;17.382;17.750;1,04;1,03;1,04;1,05;1,05;1,05
15.11.2020;16.482;16.302;16.674;17.197;17.027;17.392;0,98;0,97;0,98;1,05;1,05;1,06
16.11.2020;20.446;20.237;20.634;17.897;17.718;18.088;0,98;0,97;0,99;1,04;1,04;1,05
17.11.2020;19.429;19.241;19.608;18.168;17.983;18.353;1,00;1,00;1,01;1,04;1,03;1,04
18.11.2020;18.591;18.412;18.759;18.737;18.548;18.918;1,07;1,06;1,08;1,02;1,02;1,03
19.11.2020;17.260;17.085;17.500;18.932;18.744;19.125;1,10;1,09;1,11;1,00;0,99;1,00
20.11.2020;16.785;16.576;16.973;18.016;17.828;18.210;1,01;1,00;1,01;0,98;0,97;0,98
21.11.2020;14.448;14.288;14.596;16.771;16.590;16.957;0,92;0,92;0,93;0,95;0,95;0,96
22.11.2020;14.505;14.318;14.694;15.749;15.567;15.940;0,84;0,83;0,85;0,94;0,94;0,94
23.11.2020;18.471;18.284;18.641;16.052;15.866;16.226;0,85;0,84;0,85;0,94;0,93;0,94
24.11.2020;17.425;17.251;17.592;16.212;16.035;16.381;0,90;0,89;0,91;0,94;0,93;0,94
25.11.2020;16.895;16.661;17.078;16.824;16.628;17.001;1,00;0,99;1,01;0,94;0,94;0,95
26.11.2020;16.012;15.836;16.185;17.201;17.008;17.374;1,09;1,08;1,10;0,96;0,95;0,96
27.11.2020;16.412;16.243;16.583;16.686;16.497;16.859;1,04;1,03;1,05;0,98;0,98;0,98
28.11.2020;15.492;15.321;15.676;16.203;16.015;16.380;1,00;0,99;1,01;1,00;1,00;1,01
29.11.2020;15.343;15.155;15.495;15.815;15.639;15.985;0,94;0,93;0,95;1,03;1,03;1,04
30.11.2020;20.712;20.477;20.889;16.990;16.799;17.161;0,99;0,98;0,99;1,07;1,06;1,07
01.12.2020;20.739;20.535;20.948;18.071;17.872;18.252;1,08;1,07;1,09;1,09;1,08;1,09
02.12.2020;20.604;20.386;20.838;19.349;19.138;19.542;1,19;1,19;1,20;1,12;1,12;1,13
03.12.2020;20.867;20.644;21.037;20.730;20.510;20.928;1,31;1,30;1,32;1,14;1,14;1,15
04.12.2020;21.540;21.351;21.740;20.937;20.729;21.141;1,23;1,22;1,24;1,15;1,15;1,16
05.12.2020;20.433;20.248;20.666;20.861;20.657;21.070;1,15;1,15;1,16;1,16;1,16;1,17
06.12.2020;20.792;20.621;20.971;20.908;20.716;21.103;1,08;1,07;1,09;1,16;1,16;1,16
07.12.2020;26.076;25.841;26.289;22.210;22.015;22.416;1,07;1,06;1,08;1,15;1,15;1,16
08.12.2020;25.860;25.621;26.059;23.290;23.083;23.496;1,11;1,11;1,12;1,15;1,14;1,15
09.12.2020;25.170;24.968;25.379;24.475;24.263;24.674;1,17;1,17;1,18;1,13;1,13;1,13
10.12.2020;24.654;24.423;24.874;25.440;25.213;25.650;1,22;1,21;1,22;1,11;1,10;1,11
11.12.2020;24.453;24.255;24.673;25.034;24.817;25.246;1,13;1,12;1,13;1,09;1,08;1,09
12.12.2020;23.004;22.818;23.211;24.320;24.116;24.534;1,04;1,04;1,05;1,07;1,06;1,07
13.12.2020;22.264;22.015;22.478;23.594;23.378;23.809;0,96;0,96;0,97;1,05;1,05;1,06
14.12.2020;28.019;27.762;28.233;24.435;24.212;24.649;0,96;0,95;0,97;1,04;1,04;1,04
15.12.2020;26.532;26.288;26.777;24.955;24.721;25.175;1,00;0,99;1,00;1,03;1,02;1,03
16.12.2020;25.421;25.173;25.632;25.559;25.310;25.780;1,05;1,04;1,06;1,01;1,01;1,01
17.12.2020;23.733;23.508;23.911;25.926;25.683;26.138;1,10;1,09;1,11;0,99;0,99;1,00
18.12.2020;23.107;22.913;23.324;24.698;24.470;24.911;1,01;1,00;1,02;0,97;0,97;0,98
19.12.2020;20.616;20.407;20.782;23.219;23.000;23.412;0,93;0,92;0,94;0,96;0,96;0,96
20.12.2020;19.976;19.764;20.161;21.858;21.648;22.044;0,86;0,85;0,86;0,94;0,93;0,94
21.12.2020;23.036;22.792;23.237;21.684;21.469;21.876;0,84;0,83;0,84;0,91;0,91;0,91
22.12.2020;20.566;20.356;20.737;21.049;20.830;21.229;0,85;0,85;0,86;0,88;0,88;0,88
23.12.2020;18.525;18.326;18.744;20.526;20.309;20.720;0,88;0,88;0,89;0,85;0,85;0,85
24.12.2020;16.484;16.288;16.660;19.653;19.440;19.844;0,90;0,89;0,90;0,83;0,82;0,83
25.12.2020;14.918;14.749;15.119;17.624;17.430;17.815;0,81;0,81;0,82;0,83;0,83;0,83
26.12.2020;16.300;16.136;16.470;16.557;16.374;16.748;0,79;0,78;0,79;0,86;0,85;0,86
27.12.2020;18.082;17.912;18.261;16.446;16.271;16.628;0,80;0,80;0,81;0,89;0,89;0,90
28.12.2020;22.343;22.129;22.536;17.911;17.731;18.097;0,91;0,91;0,92;0,93;0,93;0,94
29.12.2020;18.571;18.382;18.786;18.824;18.640;19.013;1,07;1,06;1,08;0,95;0,94;0,95
30.12.2020;16.290;16.105;16.459;18.822;18.632;19.010;1,14;1,13;1,14;0,95;0,94;0,95
31.12.2020;14.569;14.423;14.715;17.943;17.760;18.124;1,09;1,08;1,10;0,95;0,95;0,96
01.01.2021;15.009;14.841;15.198;16.110;15.938;16.289;0,90;0,89;0,91;0,97;0,96;0,97
02.01.2021;16.112;15.946;16.278;15.495;15.328;15.662;0,82;0,81;0,83;0,98;0,98;0,98
03.01.2021;17.558;17.377;17.749;15.812;15.646;15.985;0,84;0,83;0,85;0,99;0,98;0,99
04.01.2021;21.341;21.171;21.527;17.505;17.333;17.688;0,98;0,97;0,98;0,99;0,99;0,99
05.01.2021;19.164;18.968;19.332;18.543;18.365;18.721;1,15;1,14;1,16;1,00;0,99;1,00
06.01.2021;17.009;16.815;17.189;18.768;18.583;18.949;1,21;1,20;1,22;1,01;1,01;1,02
07.01.2021;15.616;15.427;15.779;18.282;18.095;18.457;1,16;1,15;1,17;1,02;1,02;1,03
08.01.2021;15.396;15.222;15.590;16.796;16.608;16.972;0,96;0,95;0,97;0,99;0,99;1,00
09.01.2021;13.357;13.155;13.507;15.344;15.154;15.516;0,83;0,82;0,83;0,96;0,96;0,96
10.01.2021;13.926;13.774;14.090;14.574;14.394;14.741;0,78;0,77;0,78;0,91;0,91;0,92
11.01.2021;16.621;16.424;16.819;14.825;14.644;15.001;0,81;0,80;0,82;0,88;0,87;0,88
12.01.2021;15.206;15.018;15.400;14.777;14.593;14.954;0,88;0,87;0,89;0,88;0,87;0,88
13.01.2021;14.503;14.342;14.663;15.064;14.889;15.243;0,98;0,97;0,99;0,88;0,88;0,89
14.01.2021;13.416;13.261;13.545;14.936;14.761;15.107;1,02;1,02;1,03;0,90;0,90;0,91
15.01.2021;13.384;13.243;13.509;14.127;13.966;14.279;0,95;0,95;0,96;0,92;0,92;0,93
16.01.2021;11.986;11.827;12.147;13.322;13.168;13.466;0,90;0,89;0,91;0,93;0,92;0,93
17.01.2021;12.017;11.881;12.172;12.701;12.553;12.843;0,84;0,84;0,85;0,94;0,93;0,94
18.01.2021;15.301;15.108;15.443;13.172;13.015;13.317;0,88;0,87;0,89;0,94;0,94;0,94
19.01.2021;13.837;13.682;14.016;13.285;13.125;13.444;0,94;0,93;0,95;0,94;0,94;0,94
20.01.2021;13.204;13.042;13.365;13.590;13.428;13.749;1,02;1,01;1,03;0,94;0,94;0,94
21.01.2021;11.608;11.477;11.716;13.487;13.327;13.635;1,06;1,05;1,07;0,93;0,93;0,94
22.01.2021;11.483;11.329;11.635;12.533;12.382;12.683;0,95;0,94;0,96;0,93;0,93;0,93
23.01.2021;10.263;10.133;10.389;11.639;11.495;11.776;0,88;0,87;0,88;0,92;0,92;0,92
24.01.2021;9.943;9.829;10.087;10.824;10.692;10.957;0,80;0,79;0,80;0,91;0,90;0,91
25.01.2021;12.464;12.293;12.599;11.038;10.896;11.177;0,82;0,81;0,83;0,90;0,89;0,90
26.01.2021;11.304;11.150;11.440;10.993;10.851;11.129;0,88;0,87;0,88;0,88;0,88;0,89
27.01.2021;10.276;10.118;10.407;10.997;10.848;11.133;0,94;0,94;0,95;0,88;0,88;0,89
28.01.2021;9.757;9.608;9.893;10.950;10.792;11.085;1,01;1,00;1,02;0,89;0,88;0,89
29.01.2021;9.385;9.241;9.549;10.180;10.029;10.322;0,92;0,91;0,93;0,89;0,89;0,89
30.01.2021;8.308;8.182;8.468;9.431;9.287;9.579;0,86;0,85;0,87;0,90;0,90;0,90
31.01.2021;8.117;7.976;8.259;8.892;8.752;9.042;0,81;0,80;0,82;0,89;0,89;0,90
01.02.2021;10.365;10.208;10.506;9.044;8.902;9.195;0,83;0,82;0,83;0,89;0,89;0,90
02.02.2021;9.436;9.278;9.562;9.057;8.911;9.199;0,89;0,88;0,90;0,90;0,89;0,90
03.02.2021;8.609;8.449;8.775;9.132;8.978;9.276;0,97;0,96;0,98;0,89;0,89;0,90
04.02.2021;7.771;7.628;7.943;9.046;8.891;9.196;1,02;1,01;1,03;0,89;0,89;0,90
05.02.2021;7.549;7.389;7.678;8.341;8.186;8.490;0,92;0,91;0,93;0,89;0,89;0,90
06.02.2021;6.775;6.597;6.919;7.676;7.516;7.829;0,85;0,84;0,86;0,89;0,89;0,90
07.02.2021;6.503;6.332;6.705;7.149;6.986;7.311;0,78;0,77;0,79;0,88;0,88;0,89
08.02.2021;8.137;7.994;8.299;7.241;7.078;7.401;0,80;0,79;0,81;0,88;0,88;0,89
09.02.2021;7.709;7.582;7.844;7.281;7.126;7.442;0,87;0,86;0,89;0,88;0,88;0,89
10.02.2021;7.405;7.241;7.568;7.439;7.287;7.604;0,97;0,95;0,98;0,89;0,88;0,90
11.02.2021;6.656;6.470;6.844;7.477;7.322;7.639;1,05;1,03;1,06;0,91;0,91;0,92
12.02.2021;6.873;6.654;7.078;7.161;6.987;7.333;0,99;0,97;1,00;0,94;0,93;0,95
13.02.2021;6.488;6.264;6.709;6.855;6.657;7.049;0,94;0,92;0,96;0,96;0,95;0,97
14.02.2021;6.721;6.457;6.991;6.684;6.461;6.905;0,90;0,88;0,92;0,99;0,98;1,00
15.02.2021;8.476;8.118;8.871;7.139;6.873;7.412;0,95;0,93;0,97;1,02;1,00;1,03
16.02.2021;8.286;7.701;8.808;7.493;7.135;7.845;1,05;1,02;1,08;1,04;1,02;1,05
17.02.2021;8.128;7.642;8.611;7.903;7.479;8.320;1,15;1,12;1,19;1,06;1,04;1,07
18.02.2021;7.766;7.214;8.359;8.164;7.669;8.662;1,22;1,18;1,26;1,06;1,04;1,09
19.02.2021;7.731;6.943;8.445;7.978;7.375;8.556;1,12;1,06;1,16;1,08;1,05;1,10
20.02.2021;7.630;6.712;8.493;7.814;7.128;8.477;1,04;0,97;1,10;1,08;1,04;1,12
21.02.2021;7.706;6.399;9.035;7.708;6.817;8.583;0,98;0,91;1,03;1,07;1,03;1,12
22.02.2021;9.328;7.404;11.485;8.099;6.864;9.364;0,99;0,91;1,09;1,08;1,02;1,15
23.02.2021;9.753;7.165;12.448;8.604;6.920;10.365;1,08;0,95;1,25;1,08;0,98;1,17
24.02.2021;9.220;5.862;12.311;9.002;6.708;11.320;1,15;0,95;1,33;.;.;.
;;;;;;;;;;;;
;;;;;;;;;;;;
;;;;;;;;;;;;
Erläuterung;;;;;;;;;;;;
;;;;;;;;;;;;
Datum: "Datum des Erkrankungsbeginns";;;;;;;;;;;;
Schätzer_Neuerkrankungen: "Punktschätzer der Anzahl Neuerkrankungen (ohne Glättung)";;;;;;;;;;;;
UG_PI_Neuerkrankungen "Untere Grenze des 95%-Prädiktionsintervalls der Anzahl Neuerkrankungen (ohne Glättung)";;;;;;;;;;;;
OG_PI_Neuerkrankungen "Obere Grenze des 95%-Prädiktionsintervalls der Anzahl Neuerkrankungen (ohne Glättung)";;;;;;;;;;;;
Schätzer_Neuerkankungen_ma4 "Punktschätzer der Anzahl Neuerkrankungen";;;;;;;;;;;;
UG_PI_Neuerkrankungen_ma4 "Untere Grenze des 95%-Prädiktionsintervalls der Anzahl Neuerkrankungen";;;;;;;;;;;;
OG_PI_Neuerkrankungen_ma4 "Obere Grenze des 95%-Prädiktionsintervalls der Anzahl Neuerkrankungen";;;;;;;;;;;;
Schätzer_Reproduktionszahl_R "Punktschätzer der Reproduktionszahl R";;;;;;;;;;;;
UG_PI_Reproduktionszahl_R "Untere Grenze des 95%-Prädiktionsintervalls der Reproduktionszahl R";;;;;;;;;;;;
OG_PI_Reproduktionszahl_R "Obere Grenze des 95%-Prädiktionsintervalls der Reproduktionszahl R";;;;;;;;;;;;
Schätzer_7_Tage_R_Wert "Punktschätzer des 7-Tage-R Wertes" ;;;;;;;;;;;;
UG_PI_7_Tage_R_Wert "Untere Grenze des 95%-Prädiktionsintervalls des 7-Tage-R Wertes";;;;;;;;;;;;
OG_PI_7_Tage_R_Wert "Obere Grenze des 95%-Prädiktionsintervalls des 7-Tage-R Wertes";;;;;;;;;;;;
